empId,designation,dateOfJoining,salary,role,gender,Register,happiness_index,stree_label,sentiment
4,"Engineer, control and instrumentation",2020-05-12 18:30:00+00:00,5429655,employee,F,,0.0,0.0,Neutral
5,"Administrator, education",2019-03-18 18:30:00+00:00,7599980,employee,M,,0.0,0.0,Neutral
6,Site engineer,2019-09-17 18:30:00+00:00,9753162,employee,M,,0.0,0.0,Neutral
7,Fitness centre manager,2022-09-06 18:30:00+00:00,4136158,employee,M,,0.0,0.0,Neutral
8,"Lighting technician, broadcasting/film/video",2022-01-18 18:30:00+00:00,7886854,employee,F,,0.0,0.0,Neutral
9,Podiatrist,2019-01-16 18:30:00+00:00,2306987,employee,M,,0.0,0.0,Neutral
10,Psychiatrist,2020-06-15 18:30:00+00:00,9535625,admin,M,,0.0,0.0,Neutral
11,Museum/gallery exhibitions officer,2022-10-31 18:30:00+00:00,8359444,employee,M,,0.0,0.0,Neutral
12,Insurance underwriter,2021-06-26 18:30:00+00:00,8356684,employee,F,,0.0,0.0,Neutral
13,Equities trader,2020-12-01 18:30:00+00:00,1940692,employee,F,,0.0,0.0,Neutral
14,Firefighter,2019-06-03 18:30:00+00:00,8329857,employee,F,,0.0,0.0,Neutral
15,Senior tax professional/tax inspector,2021-05-14 18:30:00+00:00,2831704,employee,F,,0.0,0.0,Neutral
16,"Designer, textile",2020-03-23 18:30:00+00:00,8445315,employee,M,,0.0,0.0,Neutral
17,"Merchandiser, retail",2020-11-09 18:30:00+00:00,9413901,employee,M,,0.0,0.0,Neutral
18,Agricultural consultant,2020-02-15 18:30:00+00:00,7244988,employee,F,,0.0,0.0,Neutral
19,Secondary school teacher,2022-05-13 18:30:00+00:00,6344998,employee,F,,0.0,0.0,Neutral
20,Medical illustrator,2022-02-05 18:30:00+00:00,6251450,employee,M,,0.0,0.0,Neutral
21,Manufacturing systems engineer,2019-12-28 18:30:00+00:00,2841191,employee,F,,0.0,0.0,Neutral
22,Sports development officer,2019-09-09 18:30:00+00:00,2412389,employee,F,,0.0,0.0,Neutral
23,Politician's assistant,2022-11-17 18:30:00+00:00,4473624,employee,M,,0.0,0.0,Neutral
24,Location manager,2020-10-08 18:30:00+00:00,3474020,employee,M,,0.0,0.0,Neutral
25,Air broker,2022-08-05 18:30:00+00:00,6538435,employee,M,,0.0,0.0,Neutral
26,Pensions consultant,2020-11-23 18:30:00+00:00,1353506,employee,F,,0.0,0.0,Neutral
27,Corporate treasurer,2022-04-11 18:30:00+00:00,8722489,employee,M,,0.0,0.0,Neutral
28,Television camera operator,2020-06-15 18:30:00+00:00,1317061,employee,F,,0.0,0.0,Neutral
29,"Surveyor, commercial/residential",2019-02-07 18:30:00+00:00,7456083,employee,M,,0.0,0.0,Neutral
30,"Physicist, medical",2020-12-02 18:30:00+00:00,3766688,employee,F,,0.0,0.0,Neutral
31,Barista,2020-01-22 18:30:00+00:00,1043306,admin,F,,0.0,0.0,Neutral
32,"Teacher, special educational needs",2022-04-17 18:30:00+00:00,6658810,employee,M,,0.0,0.0,Neutral
33,Systems analyst,2022-09-13 18:30:00+00:00,9340539,employee,F,,0.0,0.0,Neutral
34,"Engineer, civil (consulting)",2022-11-13 18:30:00+00:00,7580995,employee,M,,0.0,0.0,Neutral
35,"Restaurant manager, fast food",2020-11-25 18:30:00+00:00,5669017,employee,F,,0.0,0.0,Neutral
36,Osteopath,2019-11-10 18:30:00+00:00,3149116,employee,F,,0.0,0.0,Neutral
37,Firefighter,2021-07-19 18:30:00+00:00,7959287,employee,M,,0.0,0.0,Neutral
38,"Geologist, engineering",2022-06-18 18:30:00+00:00,5537520,employee,F,,0.0,0.0,Neutral
39,Statistician,2020-07-15 18:30:00+00:00,4662374,employee,M,,0.0,0.0,Neutral
40,Software engineer,2021-03-26 18:30:00+00:00,2873264,admin,M,,0.0,0.0,Neutral
41,"Biochemist, clinical",2019-10-10 18:30:00+00:00,5375884,employee,M,,0.0,0.0,Neutral
42,Psychotherapist,2020-02-23 18:30:00+00:00,5824260,employee,M,,0.0,0.0,Neutral
43,Commissioning editor,2019-04-27 18:30:00+00:00,4577018,employee,F,,0.0,0.0,Neutral
44,Geophysical data processor,2019-06-25 18:30:00+00:00,9523089,employee,F,,0.0,0.0,Neutral
45,Clinical embryologist,2020-08-01 18:30:00+00:00,1662978,employee,F,,0.0,0.0,Neutral
46,"Optician, dispensing",2020-05-02 18:30:00+00:00,6385627,employee,F,,0.0,0.0,Neutral
47,Youth worker,2021-04-03 18:30:00+00:00,9840180,employee,M,,0.0,0.0,Neutral
48,Clinical molecular geneticist,2020-04-12 18:30:00+00:00,1096442,employee,F,,0.58,0.312,Positive
49,Dance movement psychotherapist,2019-08-08 18:30:00+00:00,3246721,employee,F,,0.4235294117647059,0.4517647058823529,Neutral
50,Trade mark attorney,2019-10-26 18:30:00+00:00,9889578,employee,M,,0.53125,0.35625,Neutral
51,Architect,2020-09-24 18:30:00+00:00,6102633,employee,F,,0.525,0.33499999999999996,Neutral
52,"Teacher, primary school",2019-10-04 18:30:00+00:00,6155580,employee,M,,0.4714285714285714,0.3921428571428571,Neutral
53,Chartered legal executive (England and Wales),2020-06-13 18:30:00+00:00,4385528,employee,F,,0.5666666666666667,0.3028571428571429,Neutral
54,Financial planner,2022-07-04 18:30:00+00:00,6431612,employee,M,,0.5333333333333333,0.3133333333333333,Neutral
55,Licensed conveyancer,2022-02-21 18:30:00+00:00,9718279,employee,F,,0.55,0.3075,Neutral
56,Broadcast journalist,2020-08-14 18:30:00+00:00,972742,employee,F,,0.5761904761904761,0.28285714285714286,Neutral
57,Network engineer,2021-04-09 18:30:00+00:00,7215612,employee,M,,0.5636363636363636,0.31636363636363635,Neutral
58,Audiological scientist,2022-02-25 18:30:00+00:00,4703516,employee,M,,0.48333333333333334,0.41,Neutral
59,Chartered certified accountant,2022-12-31 18:30:00+00:00,2081393,employee,M,,0.6,0.255,Neutral
60,Accounting technician,2019-05-25 18:30:00+00:00,2515992,employee,F,,0.5238095238095238,0.34285714285714286,Neutral
61,Chief of Staff,2020-05-20 18:30:00+00:00,3716714,employee,F,,0.59,0.33599999999999997,Positive
62,"Engineer, production",2019-08-06 18:30:00+00:00,2653182,employee,M,,0.6,0.2542857142857143,Neutral
63,Research scientist (physical sciences),2019-05-22 18:30:00+00:00,3844178,employee,F,,0.5434782608695652,0.3391304347826087,Neutral
